{
  "columnAttributes": [
    {
      "name": "ratings_Electronics_userId",
      "type": "String",
      "isFeature": true,
      "elementType": {
        "typeName": "str",
        "isNullable": false
      }
    },
    {
      "name": "ratings_Electronics_productId",
      "type": "String",
      "isFeature": true,
      "elementType": {
        "typeName": "str",
        "isNullable": false
      }
    },
    {
      "name": "ratings_Electronics_Rating",
      "type": "Numeric",
      "isFeature": true,
      "elementType": {
        "typeName": "float64",
        "isNullable": false
      }
    }
  ],
  "featureChannels": [],
  "labelColumns": {},
  "scoreColumns": {}
}